#,Song,Artist,Popularity,BPM,Genres,Album,Album Date,Time,Dance,Energy,Acoustic,Instrumental,Happy,Speech,Live,Loud (Db),Key,Time Signature,Added At,Spotify Track Id,Camelot,ISRC
1,"Bust Your Knee Caps - Johnny Don't Leave Me","Pomplamoose",62,119,"","Hey It's Pomplamoose",2014-06-21,03:05,41,56,5,0,56,0,0,-6,A Minor,3,2025-07-24,1Fem9jSJEleNWT1kgt70ST,8A,USE830926084
2,"Dream Sweet in Sea Major","Miracle Musical",70,170,"","Hawaii: Part II",2012-12-12,07:00,34,43,92,7,19,0,10,-11,C Major,4,2025-07-24,3RznzRnsl8mzP63l4AF2M7,8B,TCACB1435460
3,"Murders","Miracle Musical",62,144,"","Hawaii: Part II",2012-12-12,03:42,34,41,87,43,26,0,10,-10,B Minor,4,2025-07-24,0AFydkgl5Creero3gNjqvF,10A,TCACB1435453
4,"Ruler of Everything","Tally Hall",64,83,"","Marvin's Marvelous Mechanical Museum",2005-10-24,03:42,58,79,20,0,34,30,0,-8,B Minor,4,2025-07-24,3vFZheR74pxUkzxqhXTZ2X,10A,TCAAY1158676
5,"The Bidding","Tally Hall",70,175,"","Marvin's Marvelous Mechanical Museum",2005-10-24,02:40,54,61,25,0,52,20,10,-5,A Minor,4,2025-07-24,0HBrtXJohbIW4IhPZ50GmH,8A,TCAAY1150083
6,"&","Tally Hall",63,96,"","Good & Evil",2011-06-21,03:14,53,88,0,0,73,0,30,-5,B Major,4,2025-07-24,2vzbU9nlpIMYxlt0FucOHi,1B,TCAAX1184865
7,"Banana Man","Tally Hall",57,113,"","Marvin's Marvelous Mechanical Museum",2005-10-24,04:09,54,59,40,0,13,0,10,-9,D Major,4,2025-07-24,1rbieHTuGFWstwVk9o7Fgr,10B,TCAAY1158668
8,"The Whole World and You","Tally Hall",54,98,"","Marvin's Marvelous Mechanical Museum",2005-10-24,01:44,78,47,86,0,79,10,30,-9,F Major,4,2025-07-24,1mpSmPwWONa4LFdvpzcM7S,7B,TCAAY1158674
9,"B4","Ginger Root",40,104,"city pop","B4",2019-11-20,02:52,80,73,48,47,97,0,0,-5,G Major,4,2025-07-24,1W6rk2GOZWHWzGbHGKCQj9,9B,QZ93L1968127
10,"City Slicker","Ginger Root",48,130,"city pop","City Slicker",2021-08-20,02:07,81,88,31,50,94,0,30,-5,A#/B♭ Minor,4,2025-07-24,1dDUoKaxiCxP2Mhh4ze5el,3A,FRIDO2110992
11,"Out of State","Ginger Root",35,110,"city pop","Rikki",2020-10-23,02:55,80,83,33,64,97,0,30,-7,A#/B♭ Minor,4,2025-07-24,5opqxxGSbCFxBx3v7cFiJN,3A,QZ93L2028851
12,"Money Game, Pt. 2","Ren",66,98,"","Demos (Do Not Share), Vol 1",2020-04-29,03:38,89,50,63,0,75,30,10,-8,G Minor,4,2025-07-24,7fHoIcqmjrcpPYvv1iaZk1,6A,NL4NL2220514
13,"Action Movie Hero Boy","Lemon Demon",41,145,"","Dinosaurchestra",2006-07-20,03:33,66,81,16,0,76,0,30,-7,A#/B♭ Major,4,2025-07-24,7I1uAzqqdNVUptxlHPj9pZ,6B,USTCD1050477
14,"Laplace’s Angel (Hurt People? Hurt People!)","Will Wood",62,150,"","The Normal Album",2020-07-10,04:01,55,94,12,0,66,10,50,-6,A Major,4,2025-07-24,1oHbgg5WYa7WOJC8VoBVYi,11B,QZKWA2004470
15,"Money Game, Pt. 3","Ren",0,68,"","Sick Boi",2023-10-13,06:34,55,56,47,0,47,50,10,-7,A Major,4,2025-07-24,2A3YlyhIzX5YFIbH39YcHl,11B,QMDA62398010
16,"2econd 2ight 2eer (that was fun, goodbye.)","Will Wood",60,150,"","The Normal Album",2020-07-10,03:26,58,96,5,0,70,0,10,-5,C Major,4,2025-07-24,4jd13hFvWAZKZpomQleZ8L,8B,QZKWA2004471
17,"The Main Character","Will Wood",0,108,""," In case I make it, ",2022-07-29,04:25,64,75,80,0,67,0,30,-4,C Major,4,2025-07-24,54A4aGA5rmDBJqD2yFAgJI,8B,GBRKQ2263322
18,"Memento Mori: the most important thing in the world","Will Wood",57,120,"","The Normal Album",2020-07-10,02:49,72,57,70,0,71,10,70,-9,C Major,4,2025-07-24,0jAxjTvpUG0qDKLebRUuLL,8B,QZKWA2004473
19,"Hand Me My Shovel, I'm Going In! - 2020 Remastered Version","Will Wood and the Tapeworms",0,125,"","SELF-iSH (2020 Remastered Version)",2020-12-25,05:51,34,93,48,0,29,0,30,-4,E Minor,4,2025-07-24,2tEKHGZKH3L8Gt1gvp7U15,9A,USCGH2118929
20,"Mirror Man","Adult Swim Smalls,Jack Stauber's Micropop",55,138,"","Jack Stauber's OPAL (Original Soundtrack)",2020-11-06,00:58,44,27,80,0,68,0,20,-13,C Major,1,2025-07-24,3vnd2x17HCYAVlykMXsBK9,8B,USNLR2001580
21,"Necromancin Dancin","Bear Ghost",59,154,"","Blasterpiece",2016-02-18,03:47,56,89,0,0,81,0,10,-5,E Minor,4,2025-07-24,4VoSYq3aTp57jgrdNswzrd,9A,TCACL1682263
22,"Seven Sins","Ren",0,110,"","Sick Boi",2023-10-13,04:35,62,76,18,0,59,10,20,-6,A Minor,4,2025-07-24,2JpqgwQ6x1cTbWaL9X33RX,8A,QMDA62398034
23,"Outliars and Hyppocrates: a fun fact about apples","Will Wood",52,98,"","The Normal Album",2020-07-10,04:12,51,91,9,0,49,10,30,-7,A Minor,4,2025-07-24,2eemmICWbwD4NahYK8x6kz,8A,QZKWA2004469
24,"BlackBoxWarrior - OKULTRA","Will Wood",0,161,"","The Normal Album",2020-07-10,04:54,61,92,11,0,58,10,10,-7,D Major,4,2025-07-24,4Uu9ga07HIxyaaH1I3X2i3,10B,QZKWA2004476
25,"I / Me / Myself","Will Wood",0,172,"","The Normal Album",2020-07-10,04:51,48,95,17,0,76,0,80,-5,B Minor,4,2025-07-24,2vT4Xvrd9xuWUi56RQ2sqo,10A,QZKWA2004475
26,"Marsha, Thankk You for the Dialectics, but I Need You to Leave","Will Wood",50,167,"","The Normal Album",2020-07-10,05:19,31,83,13,0,33,0,0,-8,C Major,4,2025-07-24,0frg99CmmIkDNRm15gMoGY,8B,QZKWA2004477
27,"The First Step","Will Wood and the Tapeworms",0,87,"","Everything is a Lot",2015-05-20,03:18,51,89,1,1,77,10,90,-5,A#/B♭ Minor,4,2025-07-24,0g4tyyq9isBxHRRXrgyG28,3A,QMAAK1576510
28,"6up 5oh Cop-Out (Pro / Con)","Will Wood and the Tapeworms",0,115,"","Everything is a Lot",2015-05-20,03:42,55,95,1,0,67,10,30,-3,C Major,4,2025-07-24,6f44UAft0JjhxNMX12TMXl,8B,QMAAK1576501
29,"Suburbia Overture / Greetings from Mary Bell Township! / (Vampire) Culture / Love Me, Normally","Will Wood",56,111,"","The Normal Album",2020-07-10,06:16,38,83,27,0,40,10,30,-7,F Major,4,2025-07-24,5iiuKcrjqMns675Z0cBoa2,7B,QZKWA2004468
30,"Cotard's Solution (Anatta, Dukkha, Anicca) - 2020 Remastered Version","Will Wood and the Tapeworms",0,95,"","SELF-iSH (2020 Remastered Version)",2020-12-25,05:06,22,93,4,27,42,0,50,-4,C Minor,4,2025-07-24,4K5kT6GMIqh2KQlQap9OGI,5A,USCGH2118926
31,"Dr. Sunshine Is Dead - 2020 Remastered Version","Will Wood and the Tapeworms",0,130,"","SELF-iSH (2020 Remastered Version)",2020-12-25,04:46,32,82,26,5,29,0,20,-6,C Minor,4,2025-07-24,0h9anDIBIGt5Ls2zSXxM1u,5A,USCGH2118930
32,"Mr. Capgras Encounters a Secondhand Vanity: Tulpamancer's Prosopagnosia / Pareidolia (As Direct Result of Trauma to the Fusiform Gyrus) - 2020 Remastered Version","Will Wood and the Tapeworms",0,130,"","SELF-iSH (2020 Remastered Version)",2020-12-25,03:43,66,94,23,0,90,0,10,-4,F Minor,4,2025-07-24,2BecBmHQWeTVjZPClGi4o0,4A,USCGH2118927
33,"The Song with Five Names a.k.a. Soapbox Tao a.k.a. Checkmate Atheists! a.k.a. Neospace Government a.k.a. You Can Never Know - 2020 Remastered Version","Will Wood and the Tapeworms",0,165,"","SELF-iSH (2020 Remastered Version)",2020-12-25,04:26,46,96,67,0,56,10,20,-4,G Minor,4,2025-07-24,5CdCMpvYtAfXX9RFXMjCLz,6A,USCGH2118928
34,"2012 - 2020 Remastered Version","Will Wood and the Tapeworms",0,120,"","SELF-iSH (2020 Remastered Version)",2020-12-25,04:04,40,86,29,0,53,0,0,-4,F Major,4,2025-07-24,0Mqesd3aADZ9ptEW8bbf4P,7B,USCGH2118925
35,"Your Body, My Temple","Will Wood",0,137,"","Camp Here & There: Campfire Songs Edition",2022-04-08,04:18,44,82,38,0,41,10,30,-9,G Minor,4,2025-07-24,1u4O5TVrhJYUvDct70p36j,6A,QZTRX2122154
36,"Tomcat Disposables","Will Wood",0,173,""," In case I make it, ",2022-07-29,05:58,32,75,71,0,28,10,10,-7,D Major,4,2025-07-24,4olYjU2Yv1w66wOUaxb4vo,10B,USLZJ2248727
37,"Front Street","Will Wood and the Tapeworms",0,134,"","Everything is a Lot",2015-05-20,05:15,42,93,0,0,48,0,10,-4,C Major,4,2025-07-24,17qhlNqCvVGq0ZhFAhDCw4,8B,QMAAK1576503
38,"Skeleton Appreciation Day in Vestal, NY (Bones)","Will Wood and the Tapeworms",0,122,"","Everything is a Lot",2015-05-20,04:04,61,69,34,0,55,0,60,-6,C Major,4,2025-07-24,1788x4xlNC5GiIgLYglxMW,8B,QMAAK1576502
39,"Cabinet Man","Lemon Demon",55,172,"","Spirit Phone",2016-02-29,04:22,73,50,5,2,95,0,10,-8,A#/B♭ Major,4,2025-07-24,0lrtYwuy37bJzsO2LHz2kj,6B,TCACM1645304
40,"Touch-Tone Telephone","Lemon Demon",59,160,"","Spirit Phone",2016-02-29,04:42,63,71,20,0,57,0,10,-9,C Minor,4,2025-07-24,1tmRlF5pFo8G5OfJYUjWrR,5A,TCACM1645301
41,"Ferryman","Shayfer James,Will Wood",1,125,"","Shipwreck",2023-03-10,03:04,79,69,2,0,76,0,0,-5,G Minor,4,2025-07-24,58mv9EJZxROe3v3U3BUiyW,6A,QM4TW2382015
42,"Cicada Days","Will Wood",0,119,""," In case I make it, ",2022-07-29,04:10,70,49,65,0,62,0,20,-8,D Major,4,2025-07-24,5QweQSpm9R9ounFpGhlMc7,10B,USLZJ2248764
43,"Willard!","Will Wood",0,99,""," In case I make it, ",2022-07-29,04:18,38,51,86,0,28,0,10,-6,G Major,4,2025-07-24,1eZQFmVxyAeE3SHppgMxce,9B,GBRKQ2244594
44,"Becoming the Lastnames","Will Wood",0,160,""," In case I make it, ",2022-07-29,07:41,43,50,81,0,39,0,10,-6,D Major,4,2025-07-24,3xbConumZq7Mx3pB5DS1PQ,10B,GBRKQ2263814
45,"Euthanasia","Will Wood",0,105,""," In case I make it, ",2022-07-29,04:36,64,25,93,0,18,0,0,-11,F Major,4,2025-07-24,62rfGZRfzKKdclRrSmi4ht,7B,GBRKQ2244546
46,"Um, it's Kind of a Lot","Will Wood",0,125,""," In case I make it, ",2022-07-29,05:21,66,47,78,0,51,0,10,-9,G Major,4,2025-07-24,1Ywey38KvLhrz1X50j7AMf,9B,GBRKQ2244595
47,"Peas & Love","Bear Ghost",50,108,"","Jiminy",2023-09-22,02:55,70,94,8,0,53,0,10,-4,D Major,4,2025-07-24,5HJxysEGQhAUA1ID5cj0hB,10B,TCAHK2354093
48,"I Forgot Your Name (and I'm very sorry about it)","Milk In The Microwave",36,130,"","Hello Kitty Scrapbook",2023-09-15,01:35,59,45,99,0,90,0,30,-8,G Major,4,2025-07-24,15MWRYW5iap63998sewSpz,9B,QZTB22328410
49,"Empires","The Electric Swing Circus",56,120,"electro swing, swing music, nu jazz","It Flew By",2017-01-16,03:10,82,76,26,0,83,0,10,-4,D Minor,4,2025-07-24,1WdbMVvjfOV8M0tkRVilKh,7A,GB8KE1650934
50,"Half-Decade Hangover","Will Wood",0,144,""," In case I make it, ",2022-07-29,04:49,43,52,72,0,73,10,40,-10,G Major,4,2025-07-24,6ylTtRewDvpgGvMlgRKg0N,9B,GBRKQ2263349
51,"Thermodynamic Lawyer - Live","Will Wood and the Tapeworms",0,109,"","The Real Will Wood (Music from the Award-Winning Concert Film) [Live]",2020-02-07,03:48,32,91,13,0,65,0,90,-3,F Major,4,2025-07-24,27sSV7zJHu9A110gIl1ixw,7B,USCGH2075521
52,"The First Step - Live","Will Wood and the Tapeworms",0,95,"","The Real Will Wood (Music from the Award-Winning Concert Film) [Live]",2020-02-07,03:23,45,88,24,0,37,10,70,-5,A#/B♭ Major,4,2025-07-24,1Hf2V5LzDr9YGi3MbeOOjx,6B,USCGH2075525
53,"Self- - Live","Will Wood and the Tapeworms",0,108,"","The Real Will Wood (Music from the Award-Winning Concert Film) [Live]",2020-02-07,03:58,39,27,68,0,16,0,80,-15,C Major,5,2025-07-24,0wyu2QSdjRTPZgpjpBZBG0,8B,USCGH2075515
54,"10-4 6-up 5-Oh Cop-out Pro-Con - Live","Will Wood and the Tapeworms",0,117,"","The Real Will Wood (Music from the Award-Winning Concert Film) [Live]",2020-02-07,03:47,41,97,9,0,56,10,90,-3,D Major,4,2025-07-24,43sayaCB3ccTMRwHi9Sbxj,10B,USCGH2075516
55,"Cotard's Solution [Kill Me?] - Live","Will Wood and the Tapeworms",0,99,"","The Real Will Wood (Music from the Award-Winning Concert Film) [Live]",2020-02-07,05:05,39,97,6,0,35,10,70,-3,C Minor,4,2025-07-24,1yUlg64oLCxOAwZP8qdwuI,5A,USCGH2075517
56,"Dr. Sunshine Lives! - Live","Will Wood and the Tapeworms",0,117,"","The Real Will Wood (Music from the Award-Winning Concert Film) [Live]",2020-02-07,04:46,34,94,2,0,26,10,10,-5,G Minor,3,2025-07-24,1shOY6y7tsvqIoMiz8sZrm,6A,USCGH2075518
57,"Where Do You Get Off? - Live","Will Wood and the Tapeworms",0,130,"","The Real Will Wood (Music from the Award-Winning Concert Film) [Live]",2020-02-07,04:22,31,92,19,0,40,10,70,-5,C Major,4,2025-07-24,317Zt1FjHJ7lZ2xPUF2DXE,8B,USCGH2075519
58,"Aikido - Live","Will Wood and the Tapeworms",0,150,"","The Real Will Wood (Music from the Award-Winning Concert Film) [Live]",2020-02-07,02:31,27,80,51,0,24,0,80,-7,G Major,4,2025-07-24,0glsxEUqnV2z5ZUCED46Ab,9B,USCGH2075520
59,"Front Street - Live","Will Wood and the Tapeworms",0,148,"","The Real Will Wood (Music from the Award-Winning Concert Film) [Live]",2020-02-07,05:06,32,95,10,0,46,10,60,-3,C Major,4,2025-07-24,5eFGLi3MQZqsOBsPuEmpri,8B,USCGH2075522
60,"Hand Me My [X] I'm [Y]! - Live","Will Wood and the Tapeworms",0,135,"","The Real Will Wood (Music from the Award-Winning Concert Film) [Live]",2020-02-07,06:36,30,96,15,0,27,20,20,-4,E Minor,4,2025-07-24,0upKFNE9I1ZpffJG8MXjUt,9A,USCGH2075524
61,"2012 - Live","Will Wood and the Tapeworms",0,131,"","The Real Will Wood (Music from the Award-Winning Concert Film) [Live]",2020-02-07,04:15,35,95,10,0,29,10,90,-5,F Major,4,2025-07-24,19zUxFqohYg0TaMhLD7xbl,7B,USCGH2075526
62,"-ish - Live","Will Wood and the Tapeworms",0,141,"","The Real Will Wood (Music from the Award-Winning Concert Film) [Live]",2020-02-07,02:32,29,44,32,0,34,0,60,-10,C Major,4,2025-07-24,1xKWf4Rmjn3isPz1LHL7yn,8B,USCGH2075530
63,"Wasting Away Again in Bupropionville - Live","Will Wood and the Tapeworms",0,122,"","The Real Will Wood (Music from the Award-Winning Concert Film) [Live]",2020-02-07,02:36,50,69,49,0,35,0,60,-6,C Major,4,2025-07-24,2jnVfUfdYbCf6Xxd3WVyJl,8B,USCGH2075523
64,"Mr. Capgras - Live","Will Wood and the Tapeworms",0,138,"","The Real Will Wood (Music from the Award-Winning Concert Film) [Live]",2020-02-07,04:19,43,97,8,0,69,10,60,-3,C Major,4,2025-07-24,6Wc6w92n5UplMRJg7Lp5VF,8B,USCGH2075527
65,"...And If I Did, You Deserved It. ( In case I make it,  Outtake) - Live at Knitting Factory, Spokane, WA","Will Wood",0,127,"","IN CASE I DIE (Live)",2023-01-13,03:53,67,24,84,0,63,10,90,-13,C Major,4,2025-07-24,0lIJ6gNmGNpjB3MWUhcxXY,8B,QZWDD2294476
66,"Rivers Is a Vampire","Bear Ghost,Dan E.T.",56,100,"","Jiminy",2023-09-22,03:05,70,91,1,0,64,0,0,-4,C♯/D♭ Minor,4,2025-07-24,7L4aAOvI2j3kI556R2do4i,12A,QZFYY2321838
67,"Against the Kitchen Floor","Will Wood",0,120,""," In case I make it, ",2022-07-29,05:06,65,78,42,0,61,0,10,-4,G Major,4,2025-07-24,12mfRQYsEi3PxLRaG3Xab9,9B,GBRKQ2244593
68,"That's Enough, Let's Get You Home.","Will Wood",0,91,""," In case I make it, ",2022-07-29,03:51,41,62,88,0,30,0,0,-6,G Major,4,2025-07-24,2dAwsBcZgVmjrSXeNi3qeU,9B,GBRKQ2263800
69,"Turn the Lights Off","Tally Hall",65,189,"","Good & Evil",2011-06-21,02:56,39,70,14,0,77,0,10,-7,F#/G♭ Major,4,2025-07-24,3xpdefOloYCBXd3UR6MVyM,2B,TCAAX1184873
70,"Love, Me Normally","Will Wood",58,113,"","The Normal Album",2020-07-10,05:44,59,63,40,0,51,0,30,-7,F Major,3,2025-07-24,49StY6V4Cus0xM0GhieSrT,7B,QZKWA2004474
71,"Don't Say Yes Until I Finish Talking (SMASH Cast Version) (feat. Christian Borle)","SMASH Cast,Christian Borle",43,140,"musicals","BOMBSHELL",2011-00-00,02:42,59,65,19,0,42,40,0,-7,C♯/D♭ Major,4,2025-07-24,0O8YumhxTQOs3hvsMCtVH0,3B,USQX91200509
72,"Chemical Overreaction - Live","Will Wood and the Tapeworms",0,103,"","The Real Will Wood (Music from the Award-Winning Concert Film) [Live]",2020-02-07,04:40,37,95,2,0,11,10,40,-5,A Major,4,2025-07-24,2GPEkwZxSTAcD2PmmD2n4F,11B,USCGH2075528
73,"Fibrodysplasia Ossificans Progressiva - Live","Will Wood and the Tapeworms",0,131,"","The Real Will Wood (Music from the Award-Winning Concert Film) [Live]",2020-02-07,04:37,39,79,41,0,39,0,50,-5,C Major,4,2025-07-24,0Llz3Cn1nniovCRa20liJj,8B,USCGH2075529
74,"Rim Tim Tagi Dim","Baby Lasagna",67,128,"europop","Rim Tim Tagi Dim",2024-01-12,02:59,59,87,0,0,58,0,40,-7,A Major,4,2025-07-24,5TswDbxMnxptgFTf6ZxvXQ,11B,AT2DY2400003
75,"No Rules!","Windows95Man",56,160,"","No Rules!",2024-01-16,02:55,49,95,3,0,62,0,30,-5,B Minor,4,2025-07-24,4QWrK6lpr8rZ6sa8ymqMrq,10A,FIACQ2400001
76,"WEBKINZLID NYA NYA DANCE","MAILPUP,sixwing",40,175,"speedcore, breakcore, hyperpop","WEBKINZLID NYA NYA DANCE",2023-06-30,01:33,55,95,8,0,77,20,30,-9,B Major,4,2025-07-24,50nI2pLf41U0IKg4ZDCoEN,1B,QZMEQ2367312
77,"HEWWO KITTY! >:3c","MAILPUP",39,167,"speedcore, breakcore, hyperpop","STAY @ HOME SUMMER 2020",2020-09-23,01:47,52,76,30,0,52,30,70,-9,D Major,4,2025-07-24,6QzR7hHziidwXzf6qGQ8f6,10B,QZK6H2059995
78,"¡Aikido! (Neurotic / Erotic)","Will Wood and the Tapeworms",47,73,"","Everything is a Lot",2015-05-20,02:12,65,56,79,0,47,0,10,-5,G Major,4,2025-07-24,0ebTM7rfymiqJKaZdTkzCf,9B,QMAAK1576504
79,"White Knuckle Jerk (Where Do You Get Off?)","Will Wood and the Tapeworms",51,134,"","Everything is a Lot",2015-05-20,03:49,45,77,13,0,37,0,10,-6,F Minor,4,2025-07-24,45RTHDstUcE7oHG2gKErQS,4A,QMAAK1576505
80,"Cover This Song (A Little Bit Mine)","Will Wood and the Tapeworms",51,142,"","Everything is a Lot",2015-05-20,03:57,51,92,20,0,49,0,10,-5,C Major,4,2025-07-24,4nnlGdiNs0K08hU3Gfh3ju,8B,QMAAK1576506
81,"Thermodynamic Lawyer Esq, G.F.D.","Will Wood and the Tapeworms",58,104,"","Everything is a Lot",2015-05-20,03:39,33,94,0,0,47,0,80,-3,C Major,4,2025-07-24,7qEG0YfQU1GEcBI9CEA4Sk,8B,QMAAK1576507
82,"Red Moon","Will Wood and the Tapeworms",51,146,"","Everything is a Lot",2015-05-20,04:08,38,93,1,1,73,0,30,-4,G Minor,4,2025-07-24,080cWGLrooY09KyQmNBVCC,6A,QMAAK1576508
83,"Lysergide Daydream","Will Wood and the Tapeworms",48,126,"","Everything is a Lot",2015-05-20,03:26,51,86,34,0,56,10,10,-4,F Major,4,2025-07-24,5MPmkqWtKncCnF7B9baAZu,7B,QMAAK1576509
84,"Jimmy Mushrooms' Last Drink: Bedtime in Wayne, NJ","Will Wood and the Tapeworms",47,118,"","Everything is a Lot",2015-05-20,02:49,44,72,40,0,52,0,30,-7,C Major,4,2025-07-24,4LJ6JmDeeTKSGQfuBdOjaG,8B,QMAAK1576511
85,"Chemical Overreaction / Compound Fracture","Will Wood and the Tapeworms",43,107,"","Everything is a Lot",2015-05-20,03:22,34,96,0,1,36,10,10,-3,A Minor,4,2025-07-24,0VEudopYbdXd02eCfkUrSI,8A,QMAAK1576512
86,"Everything is a Lot","Will Wood and the Tapeworms",43,111,"","Everything is a Lot",2015-05-20,05:26,39,97,85,0,4,50,50,-8,F Major,3,2025-07-24,3ukzDb9wo55kXEGP0Tkkd2,7B,QMAAK1576513
87,"Sirens","Bear Ghost",53,155,"","Jiminy",2023-09-22,03:38,59,98,1,0,62,0,40,-3,F#/G♭ Major,4,2025-07-24,1thm5WKLGW8Mbl1C5UXElO,2B,QZFYX2017091
88,"After Me, the Flood","Bear Ghost",44,150,"","Jiminy",2023-09-22,02:31,60,28,32,0,12,0,70,-9,B Minor,3,2025-07-24,4kQPoOYK6HJ0bynwb54p19,10A,TCAHK2354086
89,"Heavy News","Bear Ghost",50,160,"","Jiminy",2023-09-22,04:24,58,91,0,0,65,0,0,-4,G#/A♭ Major,4,2025-07-24,36JwUkXgO08RPV6FVNfLuh,4B,TCAHK2354090
90,"Big Town Banky Blaine's Rockabilly Bbq","Bear Ghost",53,135,"","Jiminy",2023-09-22,03:46,67,96,3,0,60,10,20,-4,F#/G♭ Major,4,2025-07-24,5xqNQ99qlWabj14s8s7eBF,2B,QZNWX2082869
91,"Bark Skinpson","Bear Ghost",43,154,"","Jiminy",2023-09-22,02:00,58,77,19,0,54,10,20,-5,D Major,4,2025-07-24,3tTQ86hxXgjh6pWVlI1gB8,10B,TCAHK2354146
92,"The Mario Cliché","Bear Ghost",53,145,"","Jiminy",2023-09-22,03:59,58,91,1,0,82,0,30,-4,F#/G♭ Minor,4,2025-07-24,4atoVaweAZGR0nEUZseIC0,11A,TCAHK2354151
93,"When I'm Dead","Bear Ghost",47,175,"","Jiminy",2023-09-22,03:27,53,92,2,0,54,0,20,-3,C♯/D♭ Major,4,2025-07-24,6aqzJrCtCbtGSRgPKfY22r,3B,TCAHK2354154
94,"Vulture","Bear Ghost",46,90,"","Jiminy",2023-09-22,06:54,28,42,11,0,6,0,10,-8,C♯/D♭ Minor,4,2025-07-24,2SAfMlUSWns2JfLNO4qZNq,12A,TCAHK2354160
95,"Starkiller","Bear Ghost",55,175,"","Blasterpiece",2016-02-18,03:49,52,87,0,0,84,0,30,-6,B Minor,4,2025-07-24,7azVZvIvANuD4sLlwqs2g2,10A,TCACL1682269
96,"12 Years Howled","Bear Ghost",40,160,"","Your Parents Are Only Marginally Disappointed in Your Musical Taste",2014-04-18,03:53,51,86,0,0,80,0,30,-4,G Major,4,2025-07-24,60TBe5km9ctrF3322sXZoO,9B,USHM21428214
97,"Haunt, The Cartoon Heart","Bear Ghost",50,160,"","Haunt, The Cartoon Heart",2019-04-11,03:38,63,86,0,0,84,0,0,-6,B Major,4,2025-07-24,07wdHt1i1Mhba54cjKvDM1,1B,QZDA41968838
98,"White Noise","Will Wood",48,141,""," In case I make it, ",2022-07-29,04:37,62,38,82,0,51,0,10,-8,C Major,4,2025-07-24,5dze8GLBwiFN49Ezvo2Rzv,8B,GBRKQ2205028
99,"ENTER: A BEGINNER'S GUIDE TO FAKING YOUR DEATH","Jhariah",48,131,"","A BEGINNER'S GUIDE TO FAKING YOUR DEATH",2021-07-23,01:31,51,89,0,2,36,0,30,-5,C Major,4,2025-07-24,1O1ZkNSbPDt85E1G6okPZ8,8B,QZK6P2139530
100,"BAD LUCK!","Jhariah",51,98,"","A BEGINNER'S GUIDE TO FAKING YOUR DEATH",2021-07-23,03:33,29,41,13,0,10,0,10,-7,D Major,1,2025-07-24,28ZpzsVOYqWvcwuN2ZtBPg,10B,QZK6P2139536
101,"PRESSURE BOMB 3?!?!","Jhariah",44,110,"","A BEGINNER'S GUIDE TO FAKING YOUR DEATH",2021-07-23,03:16,51,88,0,0,35,0,30,-6,G Major,4,2025-07-24,2QZbSC8GZPSLXVL4ezviiL,9B,QZK6P2139532
102,"RISK, RISK, RISK!","Jhariah",52,146,"","TRUST CEREMONY",2024-04-19,03:21,50,85,1,0,72,10,60,-5,C♯/D♭ Major,4,2025-07-24,3ekN6ytJmlh5y93ChIqOtA,3B,QZGLS2472361
103,"A Human's Touch","TWRP,McKenna Rae",57,113,"","A Human's Touch",2024-03-01,04:51,58,73,4,0,48,0,20,-6,D Minor,4,2025-07-24,5IZXc9t8332oSnpwq4MnZx,7A,CAOPL2400074
104,"The Steven Bradley","Bear Ghost",38,77,"","Your Parents Are Only Marginally Disappointed in Your Musical Taste",2014-04-18,04:28,52,89,0,0,37,10,90,-5,G Minor,4,2025-07-24,01ojrRBqkPphAmFzg47M6W,6A,USHM21428211
105,"Bob Loblaw","Bear Ghost",38,134,"","Your Parents Are Only Marginally Disappointed in Your Musical Taste",2014-04-18,03:27,68,69,0,0,74,0,0,-5,G Major,4,2025-07-24,7KerlqaYZf4qIsOBaS9z86,9B,USHM21428213
106,"I / Me / Myself - 2018 Live in Studio Demo","Will Wood",35,176,"","Laplace's Angel - 2018 Live in Studio Demo",2024-07-29,05:00,38,95,32,0,63,20,0,-3,G Major,4,2025-07-24,1fTf4Kn5y9JhbHDwVRuvtP,9B,QZTAY2409571
107,"Memento Mori - 2018 Live in Studio Demo","Will Wood",30,119,"","Laplace's Angel - 2018 Live in Studio Demo",2024-07-29,04:41,61,45,96,0,44,0,10,-6,F Major,4,2025-07-24,10var1PDdHQObVMyCJorG8,7B,QZTAY2478910
108,"Laplace's Angel - 2018 Live in Studio Demo","Will Wood",32,151,"","Laplace's Angel - 2018 Live in Studio Demo",2024-07-29,04:23,52,89,42,0,61,10,50,-4,A Minor,4,2025-07-24,77DsJspEVEfEX9vlwbY6LE,8A,QZTAY2478909
109,"White Ball","Miracle Musical",57,144,"","Hawaii: Part II",2012-12-12,03:35,64,53,16,2,66,0,10,-7,F#/G♭ Major,4,2025-07-24,5djzvjJY39rwAQaHgpPR02,2B,TCACB1435452
110,"Isle Unto Thyself","Miracle Musical",57,148,"","Hawaii: Part II",2012-12-12,03:47,59,88,3,23,38,10,10,-7,C Minor,4,2025-07-24,19siCk4vlsMuzQmLTwi5yt,5A,TCACB1435449
111,"Flight of the Crows","Jhariah",56,98,"","A BEGINNER'S GUIDE TO FAKING YOUR DEATH",2021-07-23,02:38,52,79,0,0,28,0,10,-5,C♯/D♭ Major,3,2025-07-24,2SgpLPEfLGWDMkCT9nFAO6,3B,QZK6P2139537
112,"PIN-EYE","Jhariah",47,110,"","TRUST CEREMONY",2024-04-19,04:32,42,94,9,0,37,10,20,-3,G#/A♭ Major,4,2025-07-24,6LtAm4AgpT6CMz2kvJNyjw,4B,QZGLS2472363
113,"Aikido on the Kitchen Floor is Kind of a Lot","Jayden Wark",28,119,"","Aikido on the Kitchen Floor is Kind of a Lot",2023-03-18,05:20,61,53,46,0,59,0,30,-10,G Major,4,2025-07-24,2s8vQPOSF79NOnftIZ9WF5,9B,QZPJ32243528
114,"Well, Better Than The Dialectics, But I Prefer You Use I/Me/Myself (Normal Album Cover And Mashup)","Jayden Wark",25,165,"","Well, Better Than The Dialectics, But I Prefer You Use I/Me/Myself (Normal Album Cover And Mashup)",2022-09-12,06:05,34,87,8,0,66,0,10,-8,F#/G♭ Major,4,2025-07-24,6rYxaOWS0E8PkVzFoorODP,2B,QZPJ32196209
115,"Everything We Know a.k.a. Expiry Comes For Us All, Doesn't It Mr. Dusky? Now Please, You Need To Stop Staring At That Clock. We've Already Proved That Your Concept Of This  Supernal Standstill  Was False","Jayden Wark",18,143,"","The Vision Is Dead",2023-01-02,06:33,44,72,3,0,17,0,0,-8,C Major,4,2025-07-24,70vee4wwxUbgHPtCASKFVo,8B,QZTBC2393123
116,"…well, better than the alternative","Will Wood",52,171,"","The Normal Album",2020-07-10,04:14,52,80,33,0,68,10,60,-7,F Major,4,2025-07-24,51q8dtQBsoDWAMEcGhKsXa,7B,QZKWA2004472
117,"As Your Father I Expressly Forbid It","Lemon Demon",43,155,"","Spirit Phone",2016-02-29,02:53,58,69,0,3,92,0,30,-7,C♯/D♭ Major,4,2025-07-24,29L9B2aDs2NhrQGbs8pf9M,3B,TCACM1645313
118,"Wealth & Hellness","Human Zoo,Will Wood",0,144,"","Wealth & Hellness",2022-10-05,03:37,39,75,24,0,42,0,20,-5,A Major,3,2025-07-24,66sB97UDbEdPKH8RGt8EmI,11B,QZNWY2287903
119,"Outliars and Overreactions (The Song With One Name)","Jayden Wark",36,185,"","Outliars and Overreactions (The Song With One Name)",2022-11-08,04:18,46,90,6,0,85,0,10,-8,A Minor,4,2025-07-24,6RTLVvKpsFBeR8ubfwkW8o,8A,QZPJ32211463
120," Blue Velvet  Reboot Starring Tom Waits (Suburbia Overture 2024 Edit)","Will Wood",49,111,"","The New Normal! (The Normal Album 2024 Edit)",2024-08-09,06:19,43,80,42,0,48,10,30,-6,C Major,4,2025-07-24,1JoPvtmKReSeuU2jCpJa56,8B,QZTB42455065
121,"Second Sight Seer! S! (2222024 Edit)","Will Wood",48,150,"","The New Normal! (The Normal Album 2024 Edit)",2024-08-09,03:26,57,97,4,0,81,0,20,-5,C Major,4,2025-07-24,3Xi4t7c6marPCAFLWDo5kB,8B,QZTB42455066
122,"The Moral Implications of a Deterministic Universe feat. The Onceler (Laplace's Angel 2024 Edit)","Will Wood",50,150,"","The New Normal! (The Normal Album 2024 Edit)",2024-08-09,04:03,55,90,10,0,85,0,0,-5,A Minor,4,2025-07-24,7MEBUp6YzTr0exUAhwCEHu,8A,QZTB42455067
123,"I / Me / Myself (2024 Edit)","Will Wood",45,172,"","The New Normal! (The Normal Album 2024 Edit)",2024-08-09,04:51,49,95,12,0,85,0,60,-4,G Major,4,2025-07-24,49YY1PskT6GJABN4Q2dI7U,9B,QZTB42455068
124,"...well, better than the alternative (Better Alternative Edit)","Will Wood",44,171,"","The New Normal! (The Normal Album 2024 Edit)",2024-08-09,04:16,53,81,36,0,81,10,60,-6,F Major,4,2025-07-24,3QXeIMnNWTGPx4QH7SYU9A,7B,QZTB42455069
125,"I Lied About the Apple Thing (Skeleton-Bones Edition)","Will Wood",48,87,"","The New Normal! (The Normal Album 2024 Edit)",2024-08-09,04:14,38,88,5,0,51,20,0,-5,A Minor,1,2025-07-24,7pXlXVBkL3mt64F667x8la,8A,QZTB42455070
126,"Ideas Only Spread Because People Like Them, the  Free Market of Ideas  is not a Meritocracy, it's a Set of Unhealthy Coping Skills and a Corporate Oligarchy, Wake Up, Man! Don't Let the Lies Dim Your Light! anyway this one's black box warrior (2024 edit)","Will Wood",46,161,"","The New Normal! (The Normal Album 2024 Edit)",2024-08-09,04:51,58,94,11,0,76,10,10,-6,G Minor,4,2025-07-24,1UCQE72hW0bTcdzFsU33Fu,6A,QZTB42455071
127,"Karen, Thannsdfghjkl You for the Casserole, But I Need You to Lea-n into a Typo (Marsha 2024 Edit)","Will Wood",43,167,"","The New Normal! (The Normal Album 2024 Edit)",2024-08-09,05:19,32,67,12,0,46,0,10,-13,F Major,4,2025-07-24,2Mz48svCnY6EywCRaAKeuR,7B,QZTB42455072
128,"A Knee-Slapping Joke Title Referring to How Ending Tracks on Will Wood Albums Are Always Kind of Like That (Memento Mori 2024 Edit)","Will Wood",45,120,"","The New Normal! (The Normal Album 2024 Edit)",2024-08-09,02:51,71,57,61,0,69,0,70,-8,C Major,4,2025-07-24,3U3wFAjpuaVzU9tXIqExzJ,8B,QZTB42455073
129,"Over the Hill","Ginger Root",46,92,"city pop","Over the Hill",2022-08-24,02:47,77,91,52,61,94,0,10,-5,G#/A♭ Major,4,2025-07-24,5eFwQOHNE0zOwMRj9jhzGt,4B,FRIDO2211707
130,"Nisemono","Ginger Root",37,115,"city pop","Nisemono",2022-09-09,03:01,83,82,58,78,97,0,10,-5,C♯/D♭ Major,4,2025-07-24,2pKk2VK9uSKfAq9rtDPJef,3B,FRIDO2211801
131,"Juban District","Ginger Root",49,125,"city pop","Juban District",2021-07-21,03:21,83,82,51,56,89,0,20,-5,B Minor,4,2025-07-24,0MTxfrDnNX0cIQkWhCm58d,10A,FRIDO2110991
132,"Le château","Ginger Root",56,119,"city pop","Rikki",2020-10-23,02:35,72,62,85,88,61,0,10,-7,A Minor,4,2025-07-24,3KhPLLQjXodVQU9FoIlCUh,8A,QZ93L2041035
133,"Kimiko!","Ginger Root",32,140,"city pop","Nisemono",2022-09-09,01:14,61,75,36,34,68,0,0,-5,D Major,4,2025-07-24,3km0NKHBmEoJjYTzxQwKJL,10B,FRIDO2211800
134,"A Cruel Angel's Thesis (Neon Genesis Evangelion Theme Rework)","Ginger Root",44,128,"city pop","A Cruel Angel's Thesis (Neon Genesis Evangelion Theme Rework)",2021-02-16,03:55,90,72,67,58,82,10,20,-5,C Minor,4,2025-07-24,0frqCgCODyMlt7KEWrS2T2,5A,FRIDO2110233
135,"Whose Eye Is It Anyway???","Jhariah",47,114,"","To Mend the Sun",2020-03-27,02:43,31,81,0,0,20,0,10,-6,A#/B♭ Minor,4,2025-07-24,480xcT2WmBvhMtKd9jj7ey,3A,QZFZ62021638
136,"EAT YOUR FRIENDS","Jhariah,Pinkshift",44,115,"riot grrrl, queercore","TRUST CEREMONY",2024-04-19,03:14,25,92,0,0,43,0,70,-5,D#/E♭ Minor,5,2025-07-24,12uWjDyyneE3BwZ8IUs1GM,2A,QZGLS2472366
137,"Simple Science","Cricket!",30,92,"folk punk, anti-folk","Simple Science",2023-11-03,02:02,55,75,80,0,92,0,10,-9,A Minor,4,2025-07-24,066FVGFLw0qS6a0L9Dqmr8,8A,QZTBB2345631
138,"Aphrodite, Your Electric Sexiness (Upgrade)","Human Zoo,Will Wood",41,108,"","Aphrodite, Your Electric Sexiness (Upgrade)",2024-06-12,02:55,42,66,7,0,52,0,0,-5,F#/G♭ Minor,4,2025-07-24,51naRp8eDgfFTV0bMwdsqg,11A,QZMEN2448716
139,"COLLARBONE","Jhariah",36,83,"","TRUST CEREMONY",2024-04-19,00:50,24,65,79,0,38,0,40,-5,C Major,1,2025-07-24,4XxsWO8aIkKUS92ImozOXD,8B,QZGLS2472362
140,"PRESSURE BOMB 2!!!! (Bonus Track)","Jhariah",34,110,"","A BEGINNER'S GUIDE TO FAKING YOUR DEATH",2021-07-23,03:10,52,71,0,2,24,0,30,-6,G Major,4,2025-07-24,50LyRjl5aWxEGnGezhiAU8,9B,QZK6P2139538
141,"JUST BE COMPETENT","r u s s e l b u c k",42,135,"speedcore, breakcore, hyperpop","RAVEPOP",2024-09-06,02:36,53,92,0,8,68,20,20,-5,G Major,4,2025-07-24,1HeCul0EgK2qYVvEMQLj4b,9B,QZK6P2082794
142,"Falling Up","Will Wood",48,147,""," In case I make it, ",2022-07-29,04:47,61,69,53,0,50,0,10,-6,G Major,4,2025-07-24,7wODSzEfLdEfswBfe9XfoX,9B,GBRKQ2263807
143,"Vampire Reference in a Minor Key","Will Wood",53,109,""," In case I make it, ",2022-07-29,04:38,72,46,88,0,33,0,10,-8,A Minor,4,2025-07-24,6yF5PIbuoQFBn5On5Fual4,8A,GBRKQ2263774
144,"Sex, Drugs, Rock 'n' roll","Will Wood",46,60,""," In case I make it, ",2022-07-29,05:03,35,41,79,4,20,0,10,-8,G Major,3,2025-07-24,7KBj1DNSAClphbR4OhYXlJ,9B,QZMEQ2174540
145,"Big Fat Bitchie’s Blueberry Pie, Christmas Tree, and Recreational Jell-O Emporium a.K.a. “Mr. Boy Is on the Roof Again” (From “B.F.B.'s B-Sides: Bagel Batches, Marsh-Mallows, & Barsh-Mallows )","Will Wood",42,138,""," In case I make it, ",2022-07-29,00:47,76,56,14,0,100,0,0,-9,C Major,4,2025-07-24,1wr5L0gFUeXnttraU0t8nJ,8B,GBRKQ2263798
146,"Savages","That Handsome Devil",0,148,"","History Is a Suicide Note",2017-04-14,04:41,68,96,16,0,86,0,0,-6,B Major,4,2025-07-24,4QOXg01nSpCVzFUGXBZ4vy,1B,TCADA1732044
147,"Devil's Train","The Lab Rats",56,91,"","Half Full Ashtrays, Half Empty Glasses",2006-01-01,05:55,67,67,46,0,77,30,10,-8,D Major,4,2025-07-24,069qGKeTqlWGD8lphrGG9R,10B,USGUC0600005
148,"Les Champs-Elysées","Pomplamoose,John Schroeder",54,107,"","En Français",2020-04-17,03:04,63,52,18,0,57,0,20,-7,C Major,4,2025-07-24,4dPITmujWbI8ibU1QVidCE,8B,QZGWW2021181
149,"Sous le Ciel de Paris","Pomplamoose,Ross Garren",53,202,"","En Français",2020-04-17,02:59,35,43,74,0,42,0,10,-8,F Minor,3,2025-07-24,2NCue3WpFMA2DfQrwCZMwp,4A,QZGWW2011361
150,"Aikido! (Neurotic / Erotic) - 2020 Remastered Version","Will Wood and the Tapeworms",34,73,"","Everything is a Lot (2020 Remastered Version)",2020-12-25,02:42,46,62,75,0,61,0,10,-7,G Major,4,2025-07-24,6PLTRGEdCauciXM8YDCbUM,9B,USCGH2118274
151,"We Killed Amanda Palmer, Mystery Solved","A Verbal Equinox",29,165,"","And the Ringmaster Is Pleased to Introduce...",2013-01-19,03:10,38,79,4,0,64,0,0,-8,A Major,4,2025-07-24,34HzMpVKUz8GR2Fe4NQR2b,11B,usx9p1274721
152,"If We're Not Careful, We'll Turn Into Alcoholics. I Mean... Catholics","A Verbal Equinox",27,90,"","And the Ringmaster Is Pleased to Introduce...",2013-01-19,04:08,46,85,2,0,66,0,0,-6,G Major,4,2025-07-24,2re3f4GkrBvgP3AMNlQNQz,9B,usx9p1274729
153,"Nüburbåtizé!","A Verbal Equinox",32,135,"","And the Ringmaster Is Pleased to Introduce...",2013-01-19,03:23,31,76,3,0,84,0,10,-8,G Minor,4,2025-07-24,2CM7ips0tomqMbxKWoiARR,6A,usx9p1274722
154,"Drugs Ain't Cheap in Poughkeepsie","A Verbal Equinox",30,130,"","And the Ringmaster Is Pleased to Introduce...",2013-01-19,02:44,50,66,20,0,49,0,0,-9,F Minor,4,2025-07-24,3auOIkkK3zkzz98dka9USs,4A,usx9p1274724
155,"Sing the Singer/Songwriter Song","A Verbal Equinox",31,190,"","And the Ringmaster Is Pleased to Introduce...",2013-01-19,01:42,34,63,61,0,65,0,10,-10,E Minor,3,2025-07-24,4DWSITIa6rcYGVvMZzhnv3,9A,usx9p1274727
156,"Doctors & Dealers","A Verbal Equinox",26,165,"","And the Ringmaster Is Pleased to Introduce...",2013-01-19,04:09,28,94,0,0,32,10,10,-4,F#/G♭ Minor,4,2025-07-24,7uxpGs5kGSpMqYO1qNxcKr,11A,usx9p1274728
157,"Bleüctipie","A Verbal Equinox",37,140,"","And the Ringmaster Is Pleased to Introduce...",2013-01-19,03:31,51,74,14,0,76,0,30,-7,F Major,4,2025-07-24,2wiQwshZvj0QoVZVOEZ43h,7B,usx9p1274730
158,"Acta Est Fabula, Plaudite!","A Verbal Equinox",24,155,"","And the Ringmaster Is Pleased to Introduce...",2013-01-19,03:28,31,52,26,0,17,0,10,-8,A Major,4,2025-07-24,5ft4dbbkvWinwE1S42hjuG,11B,usx9p1274731
159,"Self-","Will Wood and the Tapeworms",40,137,"","SELF-iSH",2016-08-23,02:35,44,31,95,0,28,0,10,-8,C Major,4,2025-07-24,5FlW8jfoIeNSOexhlvwlQ8,8B,USHM21638925
160,"-ish","Will Wood and the Tapeworms",40,67,"","SELF-iSH",2016-08-23,02:15,45,34,94,0,28,0,30,-7,C Major,4,2025-07-24,1qX9pg3g0j9k5IJ7NMZtqT,8B,USHM21638932
161,"When Somebody Needs You (Song)","Will Wood",49,170,"","Camp Here & There: Campfire Songs Edition",2021-05-08,03:44,42,33,79,0,13,0,10,-11,G Major,3,2025-07-24,7FXM045PPoUitc07OdHo49,9B,USLZJ2137899
162,"Yes, to Err is Human, So Don't Be One. (Song)","Will Wood",58,76,"","Camp Here & There: Campfire Songs Edition",2021-05-08,02:45,60,55,72,0,77,0,0,-8,D Minor,4,2025-07-24,53UDRKAsCpeRnan3GjI234,7A,USLZJ2244784
163,"Venetian Blind Man (Song)","Will Wood",47,100,"","Camp Here & There: Campfire Songs Edition",2021-05-08,04:04,66,65,40,3,60,0,0,-10,C Major,4,2025-07-24,46alZIZD3pMJ9Ledqm0LWl,8B,USLZJ2244775
164,"Theme Song","Murder Person for Hire",20,113,"folk punk, queercore, anti-folk","I Thought I'd Be Dead by Now",2018-09-18,01:58,64,83,5,0,68,0,10,-7,F#/G♭ Major,4,2025-07-24,1Qihvk1CYWWakU1RcxTNbN,2B,QM2PV1864181
165,"Chaotic Gender Neutral","Murder Person for Hire",41,111,"folk punk, queercore, anti-folk","I Thought I'd Be Dead by Now",2018-09-18,02:12,71,80,26,0,67,0,10,-8,B Major,4,2025-07-24,3x2IkVx6SI1FnIuHUzkojR,1B,QM2PV1864187
166,"Break All of My Fingers","Murder Person for Hire",21,143,"folk punk, queercore, anti-folk","I Thought I'd Be Dead by Now",2018-09-18,02:02,59,55,78,0,89,0,10,-10,B Major,4,2025-07-24,6FhmD6liRXpIHCDIwD373S,1B,QM2PV1864189
167,"Fishing","Murder Person for Hire",13,149,"folk punk, queercore, anti-folk","I Thought I'd Be Dead by Now",2018-09-18,00:53,44,79,54,3,60,0,20,-9,E Major,4,2025-07-24,0BtONLXLOT64POXWmEMqtt,12B,QM2PV1864180
168,"Cicada Days - Live at Knitting Factory, Spokane, WA","Will Wood",38,106,"","IN CASE I DIE:",2023-01-13,04:37,66,13,85,0,35,0,90,-15,C♯/D♭ Major,4,2025-07-24,3OuVwlsQjVmGxA5pBC1yOw,3B,QZWDE2230805
169,"The Main Character - Live at The Vermont Hollywood, Los Angeles, CA","Will Wood",35,116,"","IN CASE I DIE:",2023-01-13,05:11,48,50,89,0,53,0,60,-11,C Major,4,2025-07-24,6AX9M9axEpXopHODv7wRCh,8B,QZWDD2294518
170,"Against the Kitchen Floor - Live in Charlotte, NC","Will Wood",37,111,"","IN CASE I DIE:",2023-01-13,05:20,55,13,92,0,43,0,60,-14,F#/G♭ Major,4,2025-07-24,2ANtao5i4A0zJPYaI2QW3w,2B,QZWDD2294478
171,"Becoming the Lastnames - Live at City Winery, Nashville, TN","Will Wood",34,75,"","IN CASE I DIE:",2023-01-13,09:07,51,21,90,0,25,0,40,-13,D Major,4,2025-07-24,7joDnU5SwQyvA9Marx74e3,10B,QZWDD2294481
172,"Vampire Reference in a Minor Key - Live at World Café Live, Philadelphia, PA","Will Wood",34,109,"","IN CASE I DIE:",2023-01-13,04:51,60,15,90,0,32,0,70,-17,A Minor,4,2025-07-24,0N6E6wwEgicSSj4kkGGG9H,8A,QZWDD2294523
173,"Half-Decade Hangover - Live at City Winery, Atlanta, GA","Will Wood",34,114,"","IN CASE I DIE:",2023-01-13,05:11,55,21,88,0,41,0,40,-14,G Major,4,2025-07-24,6toeik9fiNkAnkMYMYlRcN,9B,QZWDD2294494
174,"The Song With 5 Names - Live at The Foundry, Lakewood, OH","Will Wood",39,166,"","IN CASE I DIE:",2023-01-13,05:09,48,45,87,0,50,10,70,-11,E Minor,4,2025-07-24,4YPEzoobYRk5e9Ka8QdQrz,9A,QZWDD2294475
175,"Euthanasia - Live at Hawthorne Theater, Portland, OR","Will Wood",34,108,"","IN CASE I DIE:",2023-01-13,04:30,65,9,93,0,31,0,60,-17,B Major,4,2025-07-24,16ZJZhHAL3GQpkZBm8ePX6,1B,QZWDD2294483
176,"Jimmy Mushrooms' Last Drink - Live at Austin City Limits, Austin, TX","Will Wood",37,120,"","IN CASE I DIE:",2023-01-13,03:39,47,27,68,0,25,0,80,-14,C Major,4,2025-07-24,0OH0a603pBXKh32IW3EWnS,8B,QZWDD2294499
177,"Laplace's Angel - Live at Blueberry Hill Duck Room, St. Louis, MO","Will Wood",34,142,"","IN CASE I DIE:",2023-01-13,04:29,59,29,88,0,49,10,90,-13,A Minor,4,2025-07-24,5VzbUAeDEln460VumzzCTE,8A,QZWDD2294502
178,"I / Me / Myself - Live at City Winery, Atlanta, GA","Will Wood",35,83,"","IN CASE I DIE:",2023-01-13,04:40,55,36,88,0,74,10,80,-13,G Major,4,2025-07-24,2UkoTDyfZWRFbzxDfpkfWl,9B,QZWDD2294496
179,"The First Step - Live at The Bitter End, New York, NY","Will Wood",37,90,"","IN CASE I DIE:",2023-01-13,04:10,48,30,83,0,71,0,60,-12,A#/B♭ Major,4,2025-07-24,2zUXxKjQg5WHkNUY6BjPft,6B,QZWDD2294488
180,"Skeleton Appreciation Day - Live at Ace of Cups, Columbus, OH","Will Wood",38,112,"","IN CASE I DIE:",2023-01-13,04:16,65,16,91,0,46,0,90,-15,G Major,4,2025-07-24,6xAokDQs5kJJ4JN82jDGUc,9B,QZWDD2294479
181,"Tomcat Disposables - Live at Nectar Lounge, Seattle, WA","Will Wood",33,85,"","IN CASE I DIE:",2023-01-13,06:44,49,20,88,0,36,0,60,-17,F#/G♭ Major,4,2025-07-24,2WqHQtSHtZIHJ7qnTdwt7E,2B,QZWDD2294520
182,"White Noise - Live at The Vermont Hollywood, Los Angeles, CA","Will Wood",34,144,"","IN CASE I DIE:",2023-01-13,06:01,49,19,90,0,43,0,70,-19,C Major,3,2025-07-24,6RhHtxQALl7ci2xm00fLAF,8B,QZWDD2294527
183,"Love, Me Normally - Live at Hawthorne Theatre, Portland, OR","Will Wood",35,108,"","IN CASE I DIE:",2023-01-13,06:23,49,28,85,0,35,0,60,-14,D#/E♭ Major,3,2025-07-24,5dW12bUni0DKzxF44676Oy,5B,QZWDD2294509
184,"Misanthrapologist ( In case I make it,  Outtake) - Live in Studio at Backroom Studios, Rockaway NJ","Will Wood",45,143,"","IN CASE I DIE:",2023-01-13,04:29,60,28,80,0,69,10,60,-13,E Minor,4,2025-07-24,7xcSKH6odAXbjSrMEYCu4y,9A,QZWDD2294513
185,"Falling Up - Live in Studio at Backroom Studios, Rockaway NJ","Will Wood",33,149,"","IN CASE I DIE:",2023-01-13,04:43,47,27,78,0,50,0,70,-14,G Major,4,2025-07-24,0Znynly5XKq0aXGuzdVYVw,9B,QZWDD2294486
186,"That's Enough, Let's Get You Home - Live in Studio at Backroom Studios, Rockaway NJ","Will Wood",35,90,"","IN CASE I DIE:",2023-01-13,04:08,55,33,85,0,52,0,60,-14,G Major,4,2025-07-24,77p7A5W6TFn0wbxhOkAXxg,9B,QZWDD2294507
187,"Jesus on the Telephone","Machinery of the Human Heart",41,140,"","Surgery",2022-11-26,03:22,53,68,26,0,56,0,10,-7,B Major,4,2025-07-24,6HVkkyZCfZJd7VWYDxBcTK,1B,QZTAZ2218908
188,"Remember Something Beautiful","Machinery of the Human Heart",40,95,"","Surgery",2022-11-26,02:02,45,50,66,0,50,0,20,-8,C Major,4,2025-07-24,56Kom4kS6cCshQy8YkyU90,8B,QZTAZ2218905
189,"Champagne","Machinery of the Human Heart",45,146,"","Surgery",2022-11-26,02:41,38,65,34,0,13,0,0,-6,F#/G♭ Minor,4,2025-07-24,6ZLHYoRHUrE47B4qno94bL,11A,QZTAZ2218911
190,"Your Surgeon Is Human, Too","Machinery of the Human Heart",32,76,"","Surgery",2022-11-26,04:09,28,36,29,0,14,0,10,-12,F#/G♭ Major,4,2025-07-24,21QpKNRhtlVWtsrRHrPRC7,2B,QZTAZ2218912
191,"Arizona Calling","Machinery of the Human Heart",31,127,"","Surgery",2022-11-26,03:56,46,26,75,0,23,0,10,-11,G Major,4,2025-07-24,1NWialQlionDMHSbDxwRc3,9B,QZTAZ2218913
192,"Breathless Behind Smudged Glass","Machinery of the Human Heart",30,127,"","Surgery",2022-11-26,03:39,35,23,56,0,23,0,10,-11,F#/G♭ Major,4,2025-07-24,3zFcSH8AUwIPSJ0k38IKjE,2B,QZTAZ2218914
193,"Walking Out Alone","Machinery of the Human Heart",29,75,"","Surgery",2022-11-26,03:46,43,59,23,0,19,0,20,-8,G Major,4,2025-07-24,5ebXnkPfO5VydIjtgMymGG,9B,QZTAZ2218916
194,"Business as Usual","Human Zoo,Machinery of the Human Heart",21,200,"","Business as Usual",2023-05-17,04:27,48,35,78,0,53,20,10,-8,D Minor,4,2025-07-24,7GHhJTWbbJLMfufdx9bBiP,7A,QZK6N2328693
195,"The Rhumba of Death","Will Wood",40,149,"","Camp Here & There: Campfire Songs Edition",2021-05-08,03:36,62,72,13,45,94,0,10,-11,C Minor,4,2025-07-24,4DYOU7wSVIrhCQeyl4Bp4e,5A,USLZJ2137807
196,"Under a Technicolor Sky","Will Wood",36,98,"","Camp Here & There: Campfire Songs Edition",2021-05-08,03:41,40,23,91,56,14,0,10,-13,G Major,3,2025-07-24,690r8tzQHruGfbLYKHnKBl,9B,USLZJ2137837
197,"Happy Place","ZAMination,Zachary Preciado",57,145,"","Happy Place",2024-12-21,02:26,42,93,0,0,55,10,30,-5,F#/G♭ Major,4,2025-07-24,2eunobIVSTIr6ZvBJroKDF,2B,QT3EY2440974
198,"Welcome to Camp Here & There","Will Wood",39,136,"","Camp Here & There: Campfire Songs Edition",2021-05-08,00:48,48,86,0,86,42,0,70,-11,G#/A♭ Major,3,2025-07-24,1igMRsUyqIANr666oVePTQ,4B,USLZJ2137781
199,"Good Morning, Campers!","Will Wood",34,108,"","Camp Here & There: Campfire Songs Edition",2021-05-08,02:44,74,65,33,45,93,0,30,-8,C Major,4,2025-07-24,5KU9dVbS7UoTo7t5MaKwhY,8B,USLZJ2137782
200,"Afternoon Announcements","Will Wood",1,127,"","Camp Here & There: Campfire Songs Edition",2021-05-08,00:20,51,90,18,43,37,0,40,-15,B Minor,4,2025-07-24,2IFH2kS2DEBVeLs0wpGWhm,10A,USLZJ2137843
201,"Under a Monochromatic Sky","Will Wood",37,169,"","Camp Here & There: Campfire Songs Edition",2021-05-08,03:19,45,25,94,54,16,0,10,-17,E Minor,3,2025-07-24,5Yt2soaKlGSs3dDwGTha46,9A,USLZJ2137888
202,"Evening Announcements","Will Wood",34,95,"","Camp Here & There: Campfire Songs Edition",2021-05-08,00:36,32,45,10,3,5,0,30,-12,F Major,1,2025-07-24,4yPPmpaqtoJdOW0XfffmCI,7B,USLZJ2137893
203,"M@GICAL CURE! LOVE SHOT! (feat. Hatsune Miku)","SAWTOWNE,Hatsune Miku",68,192,"vocaloid","M@GICAL CURE! LOVE SHOT!",2024-03-19,03:21,53,95,2,54,82,10,10,-4,A Major,4,2025-07-24,63yoRZd5zl6Ah30hfDm97k,11B,JP92Q2400289
204,"Miku","Anamanaguchi,Hatsune Miku",72,128,"vocaloid","Miku",2016-05-24,03:43,72,71,27,0,55,0,10,-6,C♯/D♭ Major,4,2025-07-24,7aux5UvnlBDYlrlwoczifW,3B,USA2P1654313
205,"ワールドイズマイン-初音ミク「マジカルミライ 2021」Live- (feat. 初音ミク)","ryo (supercell),Hatsune Miku",63,165,"vocaloid","初音ミク「マジカルミライ 2021」[Live]",2023-07-20,04:14,45,74,9,0,49,0,50,-13,F Minor,4,2025-07-24,29rRca4BXxuUCNmcCzHvtl,4A,JP92Q2301559
206,"Jaws","Lemon Demon",45,110,"","Nature Tapes",2014-11-02,04:10,84,56,5,0,96,0,0,-12,C Major,4,2025-07-24,08YAU8YEzjXbPMBhuwwNjr,8B,TCACB1427920
207,"Candy Store","Jessica Keenan Wynn,Alice Lee,Elle McLemore",66,142,"musicals","Heathers: The Musical (World Premiere Cast Recording)",2014-06-10,02:52,73,53,59,0,78,10,10,-6,C♯/D♭ Minor,4,2025-07-24,13Soih2NRLeDx8Unbr22mx,12A,US6W61422223
208,"Karnak's Dream of Life","Emily Rohm",44,90,"musicals","Ride the Cyclone: The Musical (World Premiere Cast Recording)",2021-05-07,01:28,21,9,79,0,4,0,30,-20,E Minor,4,2025-07-24,5LUmo8CndZvKcSba4Yp3yI,9A,USSK32042556
209,"The Uranium Suite","Lillian Castillo,Emily Rohm,Jacob Richmond,Tiffany Tatreau,Kholby Wardell,The Ride the Cyclone World Premiere Cast Recording Ensemble",49,91,"musicals","Ride the Cyclone: The Musical (World Premiere Cast Recording)",2021-05-07,03:56,41,29,45,0,25,0,0,-14,C Major,4,2025-07-24,43m46iZRJLuxljQqCmfZMA,8B,USSK32042558
210,"What the World Needs","Tiffany Tatreau,Lillian Castillo,Chaz Duffy,Scott Redmond,Emily Rohm,The Ride the Cyclone World Premiere Cast Recording Ensemble,Kholby Wardell",58,100,"musicals","Ride the Cyclone: The Musical (World Premiere Cast Recording)",2021-05-07,03:03,76,64,24,0,67,30,20,-9,G#/A♭ Major,4,2025-07-24,0i29E9ZhnHmwWqUTJ9vsnI,4B,USSK32042560
211,"Meet Noel Gruber","Jacob Richmond",4,121,"musicals","Ride the Cyclone: The Musical (World Premiere Cast Recording)",2021-05-07,00:18,65,27,46,0,64,90,20,-25,B Minor,3,2025-07-24,7sd8Sz0IeGM8l6O9d5FdVP,10A,USSK32042561
212,"Noel's Lament","Kholby Wardell,Scott Redmond,The Ride the Cyclone World Premiere Cast Recording Ensemble",43,94,"musicals","Ride the Cyclone: The Musical (World Premiere Cast Recording)",2021-05-07,05:03,41,27,61,0,47,10,0,-14,A Minor,4,2025-07-24,0SZzOT8cUeYTBLHrh2f3VG,8A,USSK32042578
213,"Every Story's Got A Lesson","Jacob Richmond,Tiffany Tatreau,Lillian Castillo,Scott Redmond,Emily Rohm,Kholby Wardell,The Ride the Cyclone World Premiere Cast Recording Ensemble",43,130,"musicals","Ride the Cyclone: The Musical (World Premiere Cast Recording)",2021-05-07,01:03,69,23,72,0,61,90,10,-18,B Major,4,2025-07-24,3Dc1EaXCL8sjj3Dkn4tY3e,1B,USSK32042563
214,"This Song Is Awesome","Chaz Duffy,Lillian Castillo,Scott Redmond,The Ride the Cyclone World Premiere Cast Recording Ensemble",47,90,"musicals","Ride the Cyclone: The Musical (World Premiere Cast Recording)",2021-05-07,02:14,78,46,3,0,54,10,30,-12,A#/B♭ Minor,4,2025-07-24,4Pm3DFTejgD1Z3vLnqkOV2,3A,USSK32042564
215,"Talia","Chaz Duffy,The Ride the Cyclone World Premiere Cast Recording Ensemble",53,100,"musicals","Ride the Cyclone: The Musical (World Premiere Cast Recording)",2021-05-07,03:44,39,34,40,0,47,10,30,-15,C♯/D♭ Major,3,2025-07-24,7j6zMFxNUojBOAlusqe2PD,3B,USSK32042565
216,"Meet Ricky Potts","Jacob Richmond",4,142,"musicals","Ride the Cyclone: The Musical (World Premiere Cast Recording)",2021-05-07,00:21,61,25,37,0,90,80,30,-24,B Major,4,2025-07-24,1t8MCvllW6FqN1FT8j88dK,1B,USSK32042566
217,"Space Age Bachelor Man","Scott Redmond,Lillian Castillo,Tiffany Tatreau,The Ride the Cyclone World Premiere Cast Recording Ensemble",48,155,"musicals","Ride the Cyclone: The Musical (World Premiere Cast Recording)",2021-05-07,05:14,51,57,1,0,40,0,0,-13,E Minor,4,2025-07-24,3WegY8uDnrHtX0kNFrwq56,9A,USSK32042567
218,"The Ballad of Jane Doe","Emily Rohm,The Ride the Cyclone World Premiere Cast Recording Ensemble",61,120,"musicals","Ride the Cyclone: The Musical (World Premiere Cast Recording)",2021-05-07,04:59,33,28,64,0,16,0,10,-13,F Minor,3,2025-07-24,49qujGctHLuEXF35sWwG2c,4A,USSK32042569
219,"The New Birthday Song","Emily Rohm,Jacob Richmond,Tiffany Tatreau,Lillian Castillo,Chaz Duffy,Kholby Wardell,Scott Redmond",42,175,"musicals","Ride the Cyclone: The Musical (World Premiere Cast Recording)",2021-05-07,00:44,46,16,74,0,87,0,10,-14,G Minor,4,2025-07-24,4BCE1CwYilOvUK5BrpFcLC,6A,USSK32042570
220,"Sugar Cloud","Lillian Castillo,The Ride the Cyclone World Premiere Cast Recording Ensemble",47,124,"musicals","Ride the Cyclone: The Musical (World Premiere Cast Recording)",2021-05-07,03:53,55,38,11,0,36,0,10,-13,G Major,4,2025-07-24,5TcL17xBAxb43vP6DzhkSm,9B,USSK32042572
221,"It's Not A Game/It's Just A Ride","Lillian Castillo,Chaz Duffy,Scott Redmond,Jacob Richmond,Emily Rohm,Kholby Wardell,The Ride the Cyclone World Premiere Cast Recording Ensemble,Tiffany Tatreau",46,170,"musicals","Ride the Cyclone: The Musical (World Premiere Cast Recording)",2021-05-07,05:28,31,16,66,0,22,0,10,-16,C♯/D♭ Major,4,2025-07-24,6j23WH4uEIcfqBNrhqdpzb,3B,USSK32042573
223,"Angry People (Bonus Tracks)","Lemon Demon",34,170,"","Spirit Phone",2016-02-29,04:54,48,86,0,1,46,0,0,-7,C♯/D♭ Major,4,2025-07-24,6ccw5IYiknwRKy5FMdLosQ,3B,TCACM1645375
224,"Poppin Skittles","Madilyn Mei",55,104,"","Poppin Skittles",2025-01-23,02:33,79,39,61,0,89,0,10,-7,B Major,4,2025-07-24,4DGzhzGdTIpEHDYynp1hzS,1B,QZFYY2530086
225,"Partner in Crime","Madilyn Mei",62,110,"","Promise You Won't Scream",2023-10-27,03:00,51,29,90,0,36,10,10,-10,B Major,4,2025-07-24,5lLLvKIRr5k8otmyZJPyc6,1B,QZTB72363902
226,"Dress Like A Pirate","Madilyn Mei",44,130,"","Dress Like A Pirate",2022-09-16,02:39,62,40,61,0,74,10,0,-10,A#/B♭ Major,4,2025-07-24,0zy7QRNwtxAGm2zpnWRy3r,6B,QZNWU2280938
227,"Introduction to the Snow","Miracle Musical",61,71,"","Hawaii: Part II",2012-12-12,01:41,40,23,98,0,11,0,30,-11,C Major,3,2025-07-24,7qLs0IyUn6TrqgMzQ33SdH,8B,TCACB1435448
228,"Black Rainbows","Miracle Musical",54,152,"","Hawaii: Part II",2012-12-12,02:29,75,77,27,58,92,0,0,-8,G Major,4,2025-07-24,3C5CcBXFEldHfgwDe62zWI,9B,TCACB1435450
229,"宇宙ステーションのレベル7","Miracle Musical",50,107,"","Hawaii: Part II",2012-12-12,03:23,54,69,15,0,41,0,0,-8,B Major,4,2025-07-24,2fIv4nLyC4Dr4WOegKsVit,1B,TCACB1435455
230,"The Mind Electric","Miracle Musical",64,82,"","Hawaii: Part II",2012-12-12,06:13,24,43,67,2,58,0,10,-10,G Minor,4,2025-07-24,2aDk1KkyB7ieSwwEDXCHJg,6A,TCACB1435456
231,"Never Ever Getting Rid of Me","Christopher Fitzgerald,Kimiko Glenn,Waitress Original Broadway Cast Ensemble",68,174,"musicals","Waitress (Original Broadway Cast Recording)",2016-06-03,02:16,62,54,39,0,94,0,10,-6,G Minor,4,2025-07-24,1CZgbcEZEhHH28HcBFvQIW,6A,USWB11600733
232,"BlackBoxWarrior - Okultra","Bear Ghost",46,162,"","BlackBoxWarrior - Okultra",2025-03-21,04:40,56,90,1,0,49,10,20,-8,D Major,4,2025-07-24,6d0J976H9HytJqinuBMxX7,10B,TCAJK2538941
233,"Labyrinth","Miracle Musical,Shane MauX,KAYE",71,127,"","Hawaii: Part II",2012-12-12,02:32,50,80,2,0,32,0,30,-6,C♯/D♭ Major,5,2025-07-24,0L7MpEwFgZRP5rFdXOYaRT,3B,TCACB1435457
234,"Time Machine","Miracle Musical",52,77,"","Hawaii: Part II",2012-12-12,04:12,60,81,0,3,70,0,30,-7,F#/G♭ Minor,4,2025-07-24,3lWtkjh2tstrANQyNchyK1,11A,TCACB1435458
235,"Stranded Lullaby","Miracle Musical",57,160,"","Hawaii: Part II",2012-12-12,03:40,48,22,91,45,19,0,10,-15,D#/E♭ Major,4,2025-07-24,5YsZ99OX1aOyppre3Zwhnp,5B,TCACB1435459
236,"Chocolate Jesus","Will Wood",0,141,"","Ben Meets A Few Good Records",2023-11-02,03:05,49,70,44,0,90,0,30,-4,D Minor,4,2025-07-24,3C5lKJpZyF947HCq3Uy4Dl,7A,QZPJ32284590
237,"Paranoid Android","Bear Ghost",39,95,"","Paranoid Android",2025-04-04,03:57,27,28,0,7,23,0,10,-21,A Major,4,2025-07-24,4r8ociN3mUfpcd70lcfAz5,11B,TCAJL2577291
238,"Guys Are Gross","That Handsome Devil",44,82,"","Your Parents Are Sellouts",2021-01-01,03:12,79,52,12,1,75,10,20,-9,C♯/D♭ Minor,4,2025-07-24,5UWYTdqfo24IylzhnxZbrw,12A,TCAFG2069890
239,"Hell of a Ride (Studio)","Bo Burnham",55,135,"comedy","What.",2013-12-17,04:23,74,85,21,0,83,10,10,-5,C♯/D♭ Major,4,2025-07-24,18yAbyPSVNOypgT1iM7GU6,3B,US85P1318918
240,"Eristocrats (Discordia pt. II)","That Handsome Devil",42,120,"","Enlightenment's For Suckers",2009-08-25,02:48,75,86,11,0,90,10,30,-8,C Minor,4,2025-07-24,1GGROb43PsCOwxtfSwou2B,5A,USA370906993
241,"1985","Bo Burnham",47,156,"comedy","INSIDE (DELUXE)",2022-06-03,02:26,65,72,4,0,89,0,30,-7,E Minor,4,2025-07-24,4KCUEJSbpYOScnc1gUQMnk,9A,USA2P2225075
242,"Repeat Stuff (Studio)","Bo Burnham",41,170,"comedy","What.",2013-12-17,04:58,40,76,7,0,56,10,20,-5,D Major,4,2025-07-24,6bSCawJab6ra56TwXoGt8l,10B,US85P1318914
243,"Eff (Studio)","Bo Burnham",44,93,"comedy","What.",2013-12-17,02:50,72,81,31,0,74,0,0,-6,E Minor,4,2025-07-24,1M6ejoiDzWGpSjfGgx2c6W,9A,US85P1318915
244,"Channel 5 News: The Musical! (Studio)","Bo Burnham",39,170,"comedy","What.",2013-12-17,04:31,55,89,27,0,70,10,60,-5,C♯/D♭ Minor,4,2025-07-24,65HTA7Wmav5vh79srPD557,12A,US85P1318917
245,"tv off (feat. lefty gunplay)","Kendrick Lamar,Lefty Gunplay",90,100,"hip hop, west coast hip hop, mexican hip hop","GNX",2024-11-22,03:40,86,53,8,0,55,20,40,-7,F#/G♭ Minor,4,2025-07-24,0aB0v4027ukVziUGwVGYpG,11A,USUG12408493
246,"Shutup You're Stupid","That Handsome Devil",59,158,"","Your Parents Are Sellouts",2021-01-01,03:13,67,77,29,0,71,0,30,-9,A Minor,4,2025-07-24,20Xmo2XpU2DnA4oogWwLaq,8A,TCAFG2069884
247,"Charlie's Inferno","That Handsome Devil",71,146,"","The Heart Goes to Heaven, The Head Goes to Hell",2011-08-09,03:44,73,90,34,0,97,0,20,-5,A Minor,4,2025-07-24,2tmei4gBweN2TsRcTgIh0t,8A,TCAAZ1184323
248,"Everyone's Trying To Kill Me","That Handsome Devil",40,135,"","Your Parents Are Sellouts",2021-01-01,02:53,62,87,7,2,76,0,20,-8,C♯/D♭ Major,4,2025-07-24,1M6eGbxMHQQQtM19n9kMM4,3B,TCAFG2069894
249,"Pendulumonium","That Handsome Devil",35,175,"","History Is A Suicide Note",2017-04-14,02:56,60,85,0,4,76,10,10,-7,B Minor,4,2025-07-24,1GDI8BbMOdoJAjU26IfqAI,10A,TCADA1732049
250,"Party Mom and Invisible Dad","That Handsome Devil",39,171,"","Drugs and Guns for Everyone",2014-11-25,03:41,49,84,63,0,79,20,30,-8,B Minor,4,2025-07-24,2CJyqfvdair2xuaGC5x1sv,10A,TCACC1403034
251,"Punch In The Face","That Handsome Devil",30,81,"","Your Parents Are Sellouts",2021-01-01,03:02,70,32,64,0,36,0,10,-11,A#/B♭ Major,3,2025-07-24,3H0vMjQnOUTEZvth2Dx2wf,6B,TCAFG2069900
252,"The Age Of Men","That Handsome Devil",35,121,"","Exploitopia",2024-10-25,04:36,84,66,30,0,72,0,60,-10,D#/E♭ Minor,4,2025-07-24,4B4dI4gBPJj5JWrR8zbJ3r,2A,QZSYP2451997
253,"Wrecking Ball","Mother Mother",68,97,"","O My Heart",2008-09-23,03:14,66,80,19,0,28,0,30,-4,G Major,4,2025-07-24,007JQyyu6DrGza9XX6scAN,9B,CAL450882109
254,"The Bells of Notre Dame","Bear Ghost",40,175,"","The Bells of Notre Dame",2025-01-24,03:31,47,81,0,0,36,0,50,-6,D Major,4,2025-07-24,67Db7OBNOl59biIhzz6ktD,10B,TCAJF2526989
255,"Four Jews in a Room Bitching","Andrew Rannells,Christian Borle,Anthony Rosenthal,Brandon Uranowitz,Stephane J. Block",47,172,"musicals","Falsettos (2016 Broadway Cast Recording)",2016-12-16,03:23,66,65,65,0,78,10,10,-5,B Major,4,2025-07-24,1IhyIwuRWe47j5ZABC24tx,1B,USSK31684920
256,"The Thrill of First Love","Christian Borle,Andrew Rannells",48,102,"musicals","Falsettos (2016 Broadway Cast Recording)",2016-12-16,04:12,61,49,64,0,57,0,0,-7,G#/A♭ Major,3,2025-07-24,3ekc2bcwkbP7zJGfVGHbXT,4B,USSK31684922
257,"My Father's a Homo / Everyone Tells Jason to See a Psychiatrist","Anthony Rosenthal,Christian Borle,Stephanie J. Block,Andrew Rannells",40,118,"musicals","Falsettos (2016 Broadway Cast Recording)",2016-12-16,04:23,61,32,70,0,33,0,0,-8,C Major,4,2025-07-24,2kFZN70FYGSPCTbDtcD29V,8B,USSK31684924
258,"This Had Better Come to a Stop","Christian Borle,Andrew Rannells,Anthony Rosenthal,Stephanie J. Block,Brandon Uranowitz",44,111,"musicals","Falsettos (2016 Broadway Cast Recording)",2016-12-16,02:50,59,64,56,0,63,20,10,-5,D Major,4,2025-07-24,2lmlN7z7rK8tddQvFzbmWs,10B,USSK31684925
259,"Falsettoland / About Time","'Falsettos' 2016 Broadway Company",41,111,"musicals","Falsettos (2016 Broadway Cast Recording)",2016-12-16,04:12,56,48,74,0,38,10,50,-7,F Minor,4,2025-07-24,5m9mMGZza4cKE4UPoyCac1,4A,USSK31684936
260,"Year of the Child","Anthony Rosenthal,Stephanie J. Block,Christian Borle,Brandon Uranowitz,Tracie Thoms,Betsy Wolfe",36,80,"musicals","Falsettos (2016 Broadway Cast Recording)",2016-12-16,04:12,57,60,73,0,61,10,10,-5,G#/A♭ Major,4,2025-07-24,0guOk6nbnaL2owQc8M4h5k,4B,USSK31684937
261,"Miracle of Judaism","Anthony Rosenthal",34,157,"musicals","Falsettos (2016 Broadway Cast Recording)",2016-12-16,01:40,59,30,80,0,65,0,10,-11,G Major,4,2025-07-24,101zw04qfbPwVvZv29ce5a,9B,USSK31684938
262,"A Day in Falsettoland","'Falsettos' 2016 Broadway Company",40,143,"musicals","Falsettos (2016 Broadway Cast Recording)",2016-12-16,07:39,58,43,77,0,57,20,10,-8,F#/G♭ Major,4,2025-07-24,0U99YpWuOTT6NsEu0m856l,2B,USSK31684940
263,"Everyone Hates His Parents","Brandon Uranowitz,Anthony Rosenthal,Christian Borle,Stephanie J. Block",38,122,"musicals","Falsettos (2016 Broadway Cast Recording)",2016-12-16,04:32,70,43,78,0,57,20,10,-8,C♯/D♭ Major,4,2025-07-24,3ijb3lAGLUO3wiK6yiFy7d,3B,USSK31684941
264,"Something Bad Is Happening / More Racquetball","Tracie Thoms,Betsy Wolfe,Christian Borle,Andrew Rannells",34,150,"musicals","Falsettos (2016 Broadway Cast Recording)",2016-12-16,05:06,54,44,74,0,33,20,0,-8,D#/E♭ Major,4,2025-07-24,33M6Vty8yseDqEnc6THOKY,5B,USSK31684943
265,"Days Like This","'Falsettos' 2016 Broadway Company",37,81,"musicals","Falsettos (2016 Broadway Cast Recording)",2016-12-16,03:18,64,44,69,0,63,10,10,-7,D Major,4,2025-07-24,7mA0Qy99vpPPAerUJALQMq,10B,USSK31684945
266,"You Gotta Die Sometime","Andrew Rannells",45,182,"musicals","Falsettos (2016 Broadway Cast Recording)",2016-12-16,03:03,46,42,69,0,39,10,40,-9,E Minor,3,2025-07-24,5LoBtSrNs8J3vNL3RdAhdm,9A,USSK31684950
267,"Jason's Bar Mitzvah","'Falsettos' 2016 Broadway Company",34,82,"musicals","Falsettos (2016 Broadway Cast Recording)",2016-12-16,05:08,38,31,82,0,32,0,10,-9,E Major,4,2025-07-24,4XCP2gVRk858dlWPXuhIpB,12B,USSK31684951
268,"Don't Wanna Know","Bo Burnham",53,90,"comedy","INSIDE",2021-06-10,01:03,70,38,18,0,49,0,30,-7,C Major,4,2025-07-24,4MsBOGhjM996rL6sf0i0n7,8B,USA2P2122074
269,"Variations on a Cloud","Miracle Musical",53,144,"","Variations on a Cloud",2012-09-11,03:10,76,71,51,0,93,0,10,-7,C Major,4,2025-07-24,5ELOH7ea3ZkSeWTMIpWGDv,8B,TCACG1594336
270,"What’s Going On?!","Madilyn Mei",61,120,"","What’s Going On?!",2025-05-16,04:03,54,70,75,0,42,0,30,-6,C♯/D♭ Major,4,2025-07-24,5s7nzC5NOwTo61L1NBGH26,3B,USUG12503633
271,"Affection Addiction","VocaloKAT,Aku P",63,160,"vocaloid","Affection Addiction",2025-04-05,03:39,59,93,1,31,82,0,20,-5,C Minor,4,2025-07-24,68RUQHVnQZa8dvw1K8Cxk3,5A,QZK6G2570991
272,"Hi Ren","Ren",71,103,"","Hi Ren",2022-12-15,08:35,65,66,72,0,48,40,10,-7,G Minor,4,2025-07-24,0FLwYQoXvX8q5iRZnFX59u,6A,UKLQ62200014
273,"Jenny's Tale","Ren",58,89,"","The Tale of Jenny & Screech",2019-09-18,03:08,65,39,84,0,59,80,10,-10,A Minor,4,2025-07-24,1Q6CIQGgDXc2eUkBaONu8S,8A,NL4NL2220508
274,"Screech's Tale","Ren",56,124,"","The Tale of Jenny & Screech",2019-09-18,03:27,72,34,77,0,25,40,10,-9,E Minor,3,2025-07-24,5mCaDS3P8CAZagwAGiBImT,9A,NL4NL2220510
275,"Violet's Tale","Ren",65,103,"","Violet's Tale",2022-07-29,05:44,69,42,79,0,64,30,30,-10,D Minor,4,2025-07-24,5KyuddPRTSgiwk7zGO1hvE,7A,TCAGI2226456
276,"Body","Mother Mother",0,148,"","O My Heart",2008-09-23,03:33,60,63,13,0,47,0,30,-4,A#/B♭ Minor,4,2025-07-24,0VmREvheUiN0xgM5fJYQqp,3A,CAL450882106
277,"Verbatim","Mother Mother",75,78,"","Touch Up",2007-05-08,02:48,83,58,31,0,49,30,10,-7,G Major,4,2025-07-24,4IA6pgGRmqfxWGAfyZ8cgR,9B,CAL450793908
278,"Tic Toc","Mother Mother",45,150,"","Touch Up",2007-05-08,01:31,54,50,54,0,92,10,10,-7,F#/G♭ Major,3,2025-07-24,4iK54JG7de4U7TmyjIJn7w,2B,CAL450793911
279,"Diggin' Up Hatchets","Shayfer James",41,119,"","Counterfeit Arcade",2011-11-29,03:58,48,78,3,0,42,0,10,-6,A Major,4,2025-07-24,22Qce4LVRx6PqsVhOXuaWs,11B,USRF71100008
280,"Train Of Thought","Mother Mother",38,133,"","Touch Up",2007-05-08,02:41,50,43,31,0,48,0,0,-6,D Major,4,2025-07-24,1azVMt3NKjpv1E9gk9kpDa,10B,CAL450793907
281,"Arms Tonite","Mother Mother",68,140,"","O My Heart",2008-09-23,03:36,69,65,10,0,33,0,10,-4,E Major,4,2025-07-24,5plW0IS6XNNFFvLCH15edI,12B,CAL450882110
282,"Never The Muse","Madilyn Mei",56,112,"","Never The Muse",2024-08-01,05:12,67,53,76,0,46,0,20,-9,C Minor,3,2025-07-24,2Vhkfu6ZDlFsY62eIUUvCQ,5A,QZTAT2487571
283,"Inarticulation","Rio Romeo",65,131,"","Inarticulation",2022-09-02,02:43,49,41,80,0,57,0,10,-8,B Major,3,2025-07-24,4G1cgeULyEsr9Nak5PlQA6,1B,UK6KW2200111
284,"Curses","The Crane Wives",67,191,"","Foxlore",2016-04-02,03:48,34,71,47,0,58,10,0,-7,B Minor,4,2025-07-24,5PqUrRRbNsjMCM2o61istC,10A,QMUU81610766
285,"Bitchboy","The Oozes",59,107,"riot grrrl, queercore","Bitchboy",2021-05-21,01:47,63,75,0,0,80,0,80,-10,F Minor,4,2025-07-24,1QQ0bhZ39lG5LVjWIGiryS,4A,QZHN42135114
286,"Blah Blah Blah","The Oozes",57,90,"riot grrrl, queercore","Blah Blah Blah",2020-01-01,03:52,39,71,1,6,36,0,10,-7,E Major,4,2025-07-24,68zOCCxXsZGjKy8ucA3UeW,12B,QZHN82047463
287,"Godspeed","Shayfer James",36,165,"","Counterfeit Arcade",2011-11-29,03:43,54,56,15,0,31,0,0,-8,D Major,3,2025-07-24,0Jbe7lcwFY5DgX4abMPigH,10B,USRF71100010
288,"Bur man laimi","Tautumeitas",65,140,"","Bur man laimi",2024-12-04,02:58,33,83,6,0,42,10,20,-6,A Major,4,2025-07-24,6oGrwxJItvG261mLBk6DmK,11B,QMDA72474127
289,"Sweet Cis Teen","Dazey and the Scouts",0,126,"riot grrrl, queercore","Maggot",2017-04-13,04:33,25,85,0,28,30,0,70,-6,D Major,4,2025-07-24,3BtI05wNziDrIODXJqdKkK,10B,QMPKX1723033
290,"Dyltgir?","Rio Romeo",54,74,"","Dyltgir?",2020-09-26,02:34,46,55,74,0,51,0,60,-9,B Major,4,2025-07-24,2LoeqKJDHiMwWfnjrvOBIm,1B,QZK6G2003904
291,"And the Hound","Yaelokre",64,145,"","And the Hound",2024-01-06,03:23,53,52,63,0,21,0,30,-11,B Minor,4,2025-07-24,7K59Lt75PBN9VISevo3eYC,10A,QZES82432204
292,"At The Cemetery","Madilyn Mei,cloudkissed",54,84,"","Promise You Won't Scream",2023-10-27,03:32,58,20,87,0,42,10,0,-13,B Major,4,2025-07-24,0AgLtRVjfzbKhESJe6nlCO,1B,QZTB72363903
293,"Misery Fell","Tally Hall",52,131,"","Good & Evil",2011-06-21,03:34,67,41,19,0,57,0,0,-8,G#/A♭ Major,4,2025-07-24,01BMA2zYOX51Vz7QHdSAgO,4B,TCAAX1184874
294,"Neath the grove is a heart","Yaelokre",62,140,"","Neath the grove is a heart",2024-01-08,05:30,57,36,81,0,39,0,0,-11,E Minor,4,2025-07-24,3eeM8nJ8kaxDzIEqhRFqu4,9A,QZES82432205